image_1_src,image_2_src,main_image,product_title,price_value,short_description_paragraphs,additional_description_paragraphs,url
https://gayubo.com/wp-content/uploads/2023/08/7939_1-148x148.jpg,https://gayubo.com/wp-content/uploads/2023/08/7939_2-148x148.jpg,https://gayubo.com/wp-content/uploads/2023/08/7939_1-1200x1200.jpg,Anillo Wedding,"1.850,00","Anillo de oro blanco de 18K adornado con 0,47ct de diamantes talla brillante.","Anillo de oro blanco de 18K adornado con 0,47ct de diamantes talla brillante. El proceso de elaboración de nuestras joyas empieza con el diseño, y se realiza de forma tradicional. Tras una meticulosa selección de los mejores materiales en los países de origen, nuestro taller empieza la parte más minuciosa y distintiva del proceso: las mejores piedras preciosas se engastan una a una en cada pieza, tratando con mimo cada detalle hasta llegar a la perfección.",https://gayubo.com/joyas/anillo-wedding-10/
https://gayubo.com/wp-content/uploads/2023/08/9478_1-148x148.jpg,https://gayubo.com/wp-content/uploads/2023/08/9478_2-148x148.jpg,https://gayubo.com/wp-content/uploads/2023/08/9478_1-1200x1200.jpg,Anillo Wedding,"2.945,00","Anillo de oro blanco de 18K con un diamante central 0,32ct adornado con 0,16ct de diamantes talla brillante.","Anillo de oro blanco de 18K con un diamante central 0,32ct adornado con 0,16ct de diamantes talla brillante. El proceso de elaboración de nuestras joyas empieza con el diseño, y se realiza de forma tradicional. Tras una meticulosa selección de los mejores materiales en los países de origen, nuestro taller empieza la parte más minuciosa y distintiva del proceso: las mejores piedras preciosas se engastan una a una en cada pieza, tratando con mimo cada detalle hasta llegar a la perfección.",https://gayubo.com/joyas/anillo-wedding-13/
https://gayubo.com/wp-content/uploads/2023/08/10441_1-148x148.jpg,https://gayubo.com/wp-content/uploads/2023/08/10441_2-148x148.jpg,https://gayubo.com/wp-content/uploads/2023/08/10441_1-1200x1200.jpg,Anillo Wedding,"5.350,00","Anillo de oro blanco de 18K con un diamante central 0,52ct adornado con 0,17ct de diamantes talla brillante.","Anillo de oro blanco de 18K con un diamante central 0,52ct adornado con 0,17ct de diamantes talla brillante. El proceso de elaboración de nuestras joyas empieza con el diseño, y se realiza de forma tradicional. Tras una meticulosa selección de los mejores materiales en los países de origen, nuestro taller empieza la parte más minuciosa y distintiva del proceso: las mejores piedras preciosas se engastan una a una en cada pieza, tratando con mimo cada detalle hasta llegar a la perfección.",https://gayubo.com/joyas/anillo-wedding-8/
https://gayubo.com/wp-content/uploads/2023/08/7965_1-148x148.jpg,https://gayubo.com/wp-content/uploads/2023/08/7965_2-148x148.jpg,https://gayubo.com/wp-content/uploads/2023/08/7965_1-1200x1200.jpg,Anillo Wedding,"1.600,00","Anillo de oro blanco de 18K adornado con 0,25ct de diamantes talla brillante.","Anillo de oro blanco de 18K adornado con 0,25ct de diamantes talla brillante. El proceso de elaboración de nuestras joyas empieza con el diseño, y se realiza de forma tradicional. Tras una meticulosa selección de los mejores materiales en los países de origen, nuestro taller empieza la parte más minuciosa y distintiva del proceso: las mejores piedras preciosas se engastan una a una en cada pieza, tratando con mimo cada detalle hasta llegar a la perfección.",https://gayubo.com/joyas/anillo-wedding-11/
https://gayubo.com/wp-content/uploads/2023/08/10167_1-148x148.jpg,https://gayubo.com/wp-content/uploads/2023/08/10167_2-148x148.jpg,https://gayubo.com/wp-content/uploads/2023/08/10167_1-1200x1200.jpg,Anillo Wedding,"1.185,00","Anillo de oro blanco de 18K con un diamante de 0,30ct talla brillante.","Anillo de oro blanco de 18K con un diamante de 0,30ct talla brillante. El proceso de elaboración de nuestras joyas empieza con el diseño, y se realiza de forma tradicional. Tras una meticulosa selección de los mejores materiales en los países de origen, nuestro taller empieza la parte más minuciosa y distintiva del proceso: las mejores piedras preciosas se engastan una a una en cada pieza, tratando con mimo cada detalle hasta llegar a la perfección.",https://gayubo.com/joyas/anillo-wedding/
https://gayubo.com/wp-content/uploads/2023/08/10373_1-148x148.jpg,https://gayubo.com/wp-content/uploads/2023/08/10373_2-148x148.jpg,https://gayubo.com/wp-content/uploads/2023/08/10373_1-1200x1200.jpg,Anillo Wedding,"1.110,00","Anillo de oro blanco de 18K con un diamante de 0,15ct talla brillante.","Anillo de oro blanco de 18K con un diamante de 0,15ct talla brillante. El proceso de elaboración de nuestras joyas empieza con el diseño, y se realiza de forma tradicional. Tras una meticulosa selección de los mejores materiales en los países de origen, nuestro taller empieza la parte más minuciosa y distintiva del proceso: las mejores piedras preciosas se engastan una a una en cada pieza, tratando con mimo cada detalle hasta llegar a la perfección.",https://gayubo.com/joyas/anillo-wedding-5/
https://gayubo.com/wp-content/uploads/2023/08/10371_1-148x148.jpg,https://gayubo.com/wp-content/uploads/2023/08/10371_2-148x148.jpg,https://gayubo.com/wp-content/uploads/2023/08/10371_1-1200x1200.jpg,Anillo Wedding,"1.120,00","Anillo de oro blanco de 18K con un diamante de 0,15ct talla brillante.","Anillo de oro blanco de 18K con un diamante de 0,15ct talla brillante. El proceso de elaboración de nuestras joyas empieza con el diseño, y se realiza de forma tradicional. Tras una meticulosa selección de los mejores materiales en los países de origen, nuestro taller empieza la parte más minuciosa y distintiva del proceso: las mejores piedras preciosas se engastan una a una en cada pieza, tratando con mimo cada detalle hasta llegar a la perfección.",https://gayubo.com/joyas/anillo-wedding-3/
https://gayubo.com/wp-content/uploads/2023/08/10322-E2_1-148x148.jpg,https://gayubo.com/wp-content/uploads/2023/08/10322-E2_2-148x148.jpg,https://gayubo.com/wp-content/uploads/2023/08/10322-E2_1-1200x1200.jpg,Anillo Colour,,"Anillo de oro blanco de 18K con una esmeralda natural talla esmeralda, adornado con 0,55ct de diamantes talla brillante. (Este producto tiene características especiales que determinan su precio. Consúltanos para obtener más detalles.)","Anillo de oro blanco de 18K con una esmeralda natural talla esmeralda, adornado con 0,55ct de diamantes talla brillante. (Este producto tiene características especiales que determinan su precio. Consúltanos para obtener más detalles.) El proceso de elaboración de nuestras joyas empieza con el diseño, y se realiza de forma tradicional. Tras una meticulosa selección de los mejores materiales en los países de origen, nuestro taller empieza la parte más minuciosa y distintiva del proceso: las mejores piedras preciosas se engastan una a una en cada pieza, tratando con mimo cada detalle hasta llegar a la perfección.",https://gayubo.com/joyas/anillo-colour/
https://gayubo.com/wp-content/uploads/2023/08/10166_1-148x148.jpg,https://gayubo.com/wp-content/uploads/2023/08/10166_2-148x148.jpg,https://gayubo.com/wp-content/uploads/2023/08/10166_1-1200x1200.jpg,Anillo Classic,"2.640,00","Anillo de oro blanco de 18K con 0,62ct de diamantes talla brillante.","Anillo de oro blanco de 18K con 0,62ct de diamantes talla brillante. El proceso de elaboración de nuestras joyas empieza con el diseño, y se realiza de forma tradicional. Tras una meticulosa selección de los mejores materiales en los países de origen, nuestro taller empieza la parte más minuciosa y distintiva del proceso: las mejores piedras preciosas se engastan una a una en cada pieza, tratando con mimo cada detalle hasta llegar a la perfección.",https://gayubo.com/joyas/anillo-classic/
https://gayubo.com/wp-content/uploads/2023/08/10374_1-148x148.jpg,https://gayubo.com/wp-content/uploads/2023/08/10374_2-148x148.jpg,https://gayubo.com/wp-content/uploads/2023/08/10374_1-1200x1200.jpg,Anillo Wedding,"1.020,00","Anillo de oro blanco de 18K con un diamante de 0,15ct talla brillante.","Anillo de oro blanco de 18K con un diamante de 0,15ct talla brillante. El proceso de elaboración de nuestras joyas empieza con el diseño, y se realiza de forma tradicional. Tras una meticulosa selección de los mejores materiales en los países de origen, nuestro taller empieza la parte más minuciosa y distintiva del proceso: las mejores piedras preciosas se engastan una a una en cada pieza, tratando con mimo cada detalle hasta llegar a la perfección.",https://gayubo.com/joyas/anillo-wedding-6/
https://gayubo.com/wp-content/uploads/2023/08/10372_1-148x148.jpg,https://gayubo.com/wp-content/uploads/2023/08/10372_2-148x148.jpg,https://gayubo.com/wp-content/uploads/2023/08/10372_1-1200x1200.jpg,Anillo Wedding,"950,00","Anillo de oro blanco de 18K con un diamante de 0,15ct talla brillante.","Anillo de oro blanco de 18K con un diamante de 0,15ct talla brillante. El proceso de elaboración de nuestras joyas empieza con el diseño, y se realiza de forma tradicional. Tras una meticulosa selección de los mejores materiales en los países de origen, nuestro taller empieza la parte más minuciosa y distintiva del proceso: las mejores piedras preciosas se engastan una a una en cada pieza, tratando con mimo cada detalle hasta llegar a la perfección.",https://gayubo.com/joyas/anillo-wedding-4/
https://gayubo.com/wp-content/uploads/2023/08/10307_1-148x148.jpg,https://gayubo.com/wp-content/uploads/2023/08/10307_2-148x148.jpg,https://gayubo.com/wp-content/uploads/2023/08/10307_1-1200x1200.jpg,Anillo Grace,"520,00","Anillo de oro blanco de 18K con un diamante de 0,09ct talla brillante.","Anillo de oro blanco de 18K con un diamante de 0,09ct talla brillante. El proceso de elaboración de nuestras joyas empieza con el diseño, y se realiza de forma tradicional. Tras una meticulosa selección de los mejores materiales en los países de origen, nuestro taller empieza la parte más minuciosa y distintiva del proceso: las mejores piedras preciosas se engastan una a una en cada pieza, tratando con mimo cada detalle hasta llegar a la perfección.",https://gayubo.com/joyas/anillo-grace-9/
https://gayubo.com/wp-content/uploads/2023/08/10310_1-148x148.jpg,https://gayubo.com/wp-content/uploads/2023/08/10310_2-148x148.jpg,https://gayubo.com/wp-content/uploads/2023/08/10310_1-1200x1200.jpg,Anillo Grace,"550,00","Anillo de oro blanco de 18K con un diamante de 0,09ct talla brillante.","Anillo de oro blanco de 18K con un diamante de 0,09ct talla brillante. El proceso de elaboración de nuestras joyas empieza con el diseño, y se realiza de forma tradicional. Tras una meticulosa selección de los mejores materiales en los países de origen, nuestro taller empieza la parte más minuciosa y distintiva del proceso: las mejores piedras preciosas se engastan una a una en cada pieza, tratando con mimo cada detalle hasta llegar a la perfección.",https://gayubo.com/joyas/anillo-grace-12/
https://gayubo.com/wp-content/uploads/2023/08/10370_1-148x148.jpg,https://gayubo.com/wp-content/uploads/2023/08/10370_2-148x148.jpg,https://gayubo.com/wp-content/uploads/2023/08/10370_1-1200x1200.jpg,Anillo Wedding,"1.140,00","Anillo de oro blanco de 18K con un diamante de 0,15ct talla brillante.","Anillo de oro blanco de 18K con un diamante de 0,15ct talla brillante. El proceso de elaboración de nuestras joyas empieza con el diseño, y se realiza de forma tradicional. Tras una meticulosa selección de los mejores materiales en los países de origen, nuestro taller empieza la parte más minuciosa y distintiva del proceso: las mejores piedras preciosas se engastan una a una en cada pieza, tratando con mimo cada detalle hasta llegar a la perfección.",https://gayubo.com/joyas/anillo-wedding-2/
https://gayubo.com/wp-content/uploads/2023/08/10309_1-148x148.jpg,https://gayubo.com/wp-content/uploads/2023/08/10309_2-148x148.jpg,https://gayubo.com/wp-content/uploads/2023/08/10309_1-1200x1200.jpg,Anillo Grace,"570,00","Anillo de oro blanco de 18K con un diamante de 0,09ct talla brillante.","Anillo de oro blanco de 18K con un diamante de 0,09ct talla brillante. El proceso de elaboración de nuestras joyas empieza con el diseño, y se realiza de forma tradicional. Tras una meticulosa selección de los mejores materiales en los países de origen, nuestro taller empieza la parte más minuciosa y distintiva del proceso: las mejores piedras preciosas se engastan una a una en cada pieza, tratando con mimo cada detalle hasta llegar a la perfección.",https://gayubo.com/joyas/anillo-grace-11/
https://gayubo.com/wp-content/uploads/2023/08/7413_1-148x148.jpg,https://gayubo.com/wp-content/uploads/2023/08/7413_3-148x148.jpg,https://gayubo.com/wp-content/uploads/2023/08/7413_1-1200x1200.jpg,Anillo Wedding,"2.250,00","Anillo de oro blanco de 18K adornado con 0,50ct de diamantes talla brillante.","Anillo de oro blanco de 18K adornado con 0,50ct de diamantes talla brillante. El proceso de elaboración de nuestras joyas empieza con el diseño, y se realiza de forma tradicional. Tras una meticulosa selección de los mejores materiales en los países de origen, nuestro taller empieza la parte más minuciosa y distintiva del proceso: las mejores piedras preciosas se engastan una a una en cada pieza, tratando con mimo cada detalle hasta llegar a la perfección.",https://gayubo.com/joyas/anillo-wedding-9/
https://gayubo.com/wp-content/uploads/2023/08/10436-1_1-148x148.jpg,https://gayubo.com/wp-content/uploads/2023/08/10436-1_2-148x148.jpg,https://gayubo.com/wp-content/uploads/2023/08/10436-1_1-1200x1200.jpg,Anillo Wedding,"2.580,00","Anillo de oro blanco de 18K con un diamante de 0,35ct talla brillante.","Anillo de oro blanco de 18K con un diamante de 0,35ct talla brillante. El proceso de elaboración de nuestras joyas empieza con el diseño, y se realiza de forma tradicional. Tras una meticulosa selección de los mejores materiales en los países de origen, nuestro taller empieza la parte más minuciosa y distintiva del proceso: las mejores piedras preciosas se engastan una a una en cada pieza, tratando con mimo cada detalle hasta llegar a la perfección.",https://gayubo.com/joyas/anillo-wedding-7/
https://gayubo.com/wp-content/uploads/2023/08/8127_1-148x148.jpg,https://gayubo.com/wp-content/uploads/2023/08/8127_2-148x148.jpg,https://gayubo.com/wp-content/uploads/2023/08/8127_1-1200x1200.jpg,Anillo Wedding,"3.070,00","Anillo de oro blanco de 18K con un diamante central de 0,33ct adornado con 0,27ct de diamantes talla brillante engastados en carril.","Anillo de oro blanco de 18K con un diamante central de 0,33ct adornado con 0,27ct de diamantes talla brillante engastados en carril. El proceso de elaboración de nuestras joyas empieza con el diseño, y se realiza de forma tradicional. Tras una meticulosa selección de los mejores materiales en los países de origen, nuestro taller empieza la parte más minuciosa y distintiva del proceso: las mejores piedras preciosas se engastan una a una en cada pieza, tratando con mimo cada detalle hasta llegar a la perfección.",https://gayubo.com/joyas/anillo-wedding-12/
https://gayubo.com/wp-content/uploads/2023/08/10635-Z_1-148x148.jpg,https://gayubo.com/wp-content/uploads/2023/08/10635-Z_2-148x148.jpg,https://gayubo.com/wp-content/uploads/2023/08/10635-Z_1-1200x1200.jpg,Anillo Tutti Frutti Capsule Collection,"1.080,00","Anillo de oro blanco de 18K con un zafiro natural de 0,58ct talla oval adornado con 0,16ct de diamantes talla brillante.","Anillo de oro blanco de 18K con un zafiro natural de 0,58ct talla oval adornado con 0,16ct de diamantes talla brillante. El proceso de elaboración de nuestras joyas empieza con el diseño, y se realiza de forma tradicional. Tras una meticulosa selección de los mejores materiales en los países de origen, nuestro taller empieza la parte más minuciosa y distintiva del proceso: las mejores piedras preciosas se engastan una a una en cada pieza, tratando con mimo cada detalle hasta llegar a la perfección.",https://gayubo.com/joyas/anillo-tutti-frutti-capsule-collection/
https://gayubo.com/wp-content/uploads/2023/08/10638-Z_1-148x148.jpg,https://gayubo.com/wp-content/uploads/2023/08/10638-Z_2-148x148.jpg,https://gayubo.com/wp-content/uploads/2023/08/10638-Z_1-1200x1200.jpg,Anillo Tutti Frutti Capsule Collection,"1.105,00","Anillo de oro blanco de 18K con un zafiro natural de 0,58ct talla oval adornado con 0,14ct de diamantes talla brillante.","Anillo de oro blanco de 18K con un zafiro natural de 0,58ct talla oval adornado con 0,14ct de diamantes talla brillante. El proceso de elaboración de nuestras joyas empieza con el diseño, y se realiza de forma tradicional. Tras una meticulosa selección de los mejores materiales en los países de origen, nuestro taller empieza la parte más minuciosa y distintiva del proceso: las mejores piedras preciosas se engastan una a una en cada pieza, tratando con mimo cada detalle hasta llegar a la perfección.",https://gayubo.com/joyas/anillo-tutti-frutti-capsule-collection-4/
https://gayubo.com/wp-content/uploads/2023/08/10252_1-148x148.jpg,https://gayubo.com/wp-content/uploads/2023/08/10252_2-148x148.jpg,https://gayubo.com/wp-content/uploads/2023/08/10252_1-1200x1200.jpg,Anillo Unique,"52.580,00","Anillo de oro blanco de 18K con una esmeralda natural de 10,42ct talla esmeralda adornado con 1,32ct de diamantes talla brillante.","Anillo de oro blanco de 18K con una esmeralda natural de 10,42ct talla esmeralda adornado con 1,32ct de diamantes talla brillante. El proceso de elaboración de nuestras joyas empieza con el diseño, y se realiza de forma tradicional. Tras una meticulosa selección de los mejores materiales en los países de origen, nuestro taller empieza la parte más minuciosa y distintiva del proceso: las mejores piedras preciosas se engastan una a una en cada pieza, tratando con mimo cada detalle hasta llegar a la perfección.",https://gayubo.com/joyas/anillo-unique/
https://gayubo.com/wp-content/uploads/2023/08/10636-R_1-148x148.jpg,https://gayubo.com/wp-content/uploads/2023/08/10636-R_2-148x148.jpg,https://gayubo.com/wp-content/uploads/2023/08/10636-R_1-1200x1200.jpg,Anillo Tutti Frutti Capsule Collection,"1.185,00","Anillo de oro rosa de 18K con un rubí natural de 0,50ct talla oval adornado con 0,16ct de diamantes talla brillante.","Anillo de oro rosa de 18K con un rubí natural de 0,50ct talla oval adornado con 0,16ct de diamantes talla brillante. El proceso de elaboración de nuestras joyas empieza con el diseño, y se realiza de forma tradicional. Tras una meticulosa selección de los mejores materiales en los países de origen, nuestro taller empieza la parte más minuciosa y distintiva del proceso: las mejores piedras preciosas se engastan una a una en cada pieza, tratando con mimo cada detalle hasta llegar a la perfección.",https://gayubo.com/joyas/anillo-tutti-frutti-capsule-collection-2/
https://gayubo.com/wp-content/uploads/2023/08/8827-R_1-1-148x148.jpg,https://gayubo.com/wp-content/uploads/2023/08/8827-R_2-1-148x148.jpg,https://gayubo.com/wp-content/uploads/2023/08/8827-R_1-1-1200x1199.jpg,Anillo Colour,"1.245,00","Anillo de oro blanco de 18K con rubis naturales de 0,55ct talla brillante adornado con un diamante de 0,07ct  talla brillante.","Anillo de oro blanco de 18K con rubis naturales de 0,55ct talla brillante adornado con un diamante de 0,07ct  talla brillante. El proceso de elaboración de nuestras joyas empieza con el diseño, y se realiza de forma tradicional. Tras una meticulosa selección de los mejores materiales en los países de origen, nuestro taller empieza la parte más minuciosa y distintiva del proceso: las mejores piedras preciosas se engastan una a una en cada pieza, tratando con mimo cada detalle hasta llegar a la perfección.",https://gayubo.com/joyas/anillo-colour-15/
https://gayubo.com/wp-content/uploads/2023/08/10637-E_1-148x148.jpg,https://gayubo.com/wp-content/uploads/2023/08/10637-E_2-148x148.jpg,https://gayubo.com/wp-content/uploads/2023/08/10637-E_1-1200x1200.jpg,Anillo Tutti Frutti Capsule Collection,"1.165,00","Anillo de oro amarillo de 18K con una esmeralda natural de 0,45ct talla oval adornado con 0,16ct de diamantes talla brillante.","Anillo de oro amarillo de 18K con una esmeralda natural de 0,45ct talla oval adornado con 0,16ct de diamantes talla brillante. El proceso de elaboración de nuestras joyas empieza con el diseño, y se realiza de forma tradicional. Tras una meticulosa selección de los mejores materiales en los países de origen, nuestro taller empieza la parte más minuciosa y distintiva del proceso: las mejores piedras preciosas se engastan una a una en cada pieza, tratando con mimo cada detalle hasta llegar a la perfección.",https://gayubo.com/joyas/anillo-tutti-frutti-capsule-collection-3/
https://gayubo.com/wp-content/uploads/2023/08/10305_1-148x148.jpg,https://gayubo.com/wp-content/uploads/2023/08/10305_2-148x148.jpg,https://gayubo.com/wp-content/uploads/2023/08/10305_1-1200x1200.jpg,Anillo Grace,"560,00","Anillo de oro blanco de 18K con un diamante de 0,09ct talla brillante.","Anillo de oro blanco de 18K con un diamante de 0,09ct talla brillante. El proceso de elaboración de nuestras joyas empieza con el diseño, y se realiza de forma tradicional. Tras una meticulosa selección de los mejores materiales en los países de origen, nuestro taller empieza la parte más minuciosa y distintiva del proceso: las mejores piedras preciosas se engastan una a una en cada pieza, tratando con mimo cada detalle hasta llegar a la perfección.",https://gayubo.com/joyas/anillo-grace-7/
https://gayubo.com/wp-content/uploads/2023/08/10300_1-148x148.jpg,https://gayubo.com/wp-content/uploads/2023/08/10300_2-148x148.jpg,https://gayubo.com/wp-content/uploads/2023/08/10300_1-1200x1200.jpg,Anillo Grace,"580,00","Anillo de oro blanco de 18K con un diamante de 0,09ct talla brillante.","Anillo de oro blanco de 18K con un diamante de 0,09ct talla brillante. El proceso de elaboración de nuestras joyas empieza con el diseño, y se realiza de forma tradicional. Tras una meticulosa selección de los mejores materiales en los países de origen, nuestro taller empieza la parte más minuciosa y distintiva del proceso: las mejores piedras preciosas se engastan una a una en cada pieza, tratando con mimo cada detalle hasta llegar a la perfección.",https://gayubo.com/joyas/anillo-grace-3/
https://gayubo.com/wp-content/uploads/2023/08/10303_1-148x148.jpg,https://gayubo.com/wp-content/uploads/2023/08/10303_2-148x148.jpg,https://gayubo.com/wp-content/uploads/2023/08/10303_1-1200x1200.jpg,Anillo Grace,"560,00","Anillo de oro blanco de 18K con un diamante de 0,09ct talla brillante.","Anillo de oro blanco de 18K con un diamante de 0,09ct talla brillante. El proceso de elaboración de nuestras joyas empieza con el diseño, y se realiza de forma tradicional. Tras una meticulosa selección de los mejores materiales en los países de origen, nuestro taller empieza la parte más minuciosa y distintiva del proceso: las mejores piedras preciosas se engastan una a una en cada pieza, tratando con mimo cada detalle hasta llegar a la perfección.",https://gayubo.com/joyas/anillo-grace-5/
https://gayubo.com/wp-content/uploads/2023/08/8823-Z_1-1-148x148.jpg,https://gayubo.com/wp-content/uploads/2023/08/8823-Z_2-1-148x148.jpg,https://gayubo.com/wp-content/uploads/2023/08/8823-Z_1-1-1200x1200.jpg,Anillo Colour,"1.530,00","Anillo de oro blanco de 18K con zafiros naturales de 0,82ct talla brillante adornado con 0,12ct de diamantes talla brillante.","Anillo de oro blanco de 18K con zafiros naturales de 0,82ct talla brillante adornado con 0,12ct de diamantes talla brillante. El proceso de elaboración de nuestras joyas empieza con el diseño, y se realiza de forma tradicional. Tras una meticulosa selección de los mejores materiales en los países de origen, nuestro taller empieza la parte más minuciosa y distintiva del proceso: las mejores piedras preciosas se engastan una a una en cada pieza, tratando con mimo cada detalle hasta llegar a la perfección.",https://gayubo.com/joyas/anillo-colour-14/
https://gayubo.com/wp-content/uploads/2023/08/10741-E_1-148x148.jpg,https://gayubo.com/wp-content/uploads/2023/08/10741-E_2-148x148.jpg,https://gayubo.com/wp-content/uploads/2023/08/10741-E_1-1200x1200.jpg,Anillo Colour,"3.330,00","Anillo de oro blanco de 18K con una esmeralda natural de 1,70ct talla oval adornado con 0,12ct de diamantes talla brillante.","Anillo de oro blanco de 18K con una esmeralda natural de 1,70ct talla oval adornado con 0,12ct de diamantes talla brillante. El proceso de elaboración de nuestras joyas empieza con el diseño, y se realiza de forma tradicional. Tras una meticulosa selección de los mejores materiales en los países de origen, nuestro taller empieza la parte más minuciosa y distintiva del proceso: las mejores piedras preciosas se engastan una a una en cada pieza, tratando con mimo cada detalle hasta llegar a la perfección.",https://gayubo.com/joyas/anillo-colour-13/
https://gayubo.com/wp-content/uploads/2023/08/10730-Z_1-1-148x148.jpg,https://gayubo.com/wp-content/uploads/2023/08/10730-Z_2-1-148x148.jpg,https://gayubo.com/wp-content/uploads/2023/08/10730-Z_1-1-1200x1200.jpg,Anillo Colour,"2.925,00","Anillo de oro blanco de 18K con un zafiro natural de 1,05ct talla oval adornado con 0,55ct de diamantes talla brillante.","Anillo de oro blanco de 18K con un zafiro natural de 1,05ct talla oval adornado con 0,55ct de diamantes talla brillante. El proceso de elaboración de nuestras joyas empieza con el diseño, y se realiza de forma tradicional. Tras una meticulosa selección de los mejores materiales en los países de origen, nuestro taller empieza la parte más minuciosa y distintiva del proceso: las mejores piedras preciosas se engastan una a una en cada pieza, tratando con mimo cada detalle hasta llegar a la perfección.",https://gayubo.com/joyas/anillo-colour-12/
https://gayubo.com/wp-content/uploads/2023/08/10680-E2_1-2-148x148.jpg,https://gayubo.com/wp-content/uploads/2023/08/10680-E2_2-2-148x148.jpg,https://gayubo.com/wp-content/uploads/2023/08/10680-E2_1-2-1200x1200.jpg,Anillo Colour,"2.210,00","Anillo de oro blanco de 18K con una esmeralda natural de 1,28ct talla oval adornado con 0,12ct de diamantes talla brillante.","Anillo de oro blanco de 18K con una esmeralda natural de 1,28ct talla oval adornado con 0,12ct de diamantes talla brillante. El proceso de elaboración de nuestras joyas empieza con el diseño, y se realiza de forma tradicional. Tras una meticulosa selección de los mejores materiales en los países de origen, nuestro taller empieza la parte más minuciosa y distintiva del proceso: las mejores piedras preciosas se engastan una a una en cada pieza, tratando con mimo cada detalle hasta llegar a la perfección.",https://gayubo.com/joyas/anillo-colour-10/
https://gayubo.com/wp-content/uploads/2023/08/10301_1-148x148.jpg,https://gayubo.com/wp-content/uploads/2023/08/10301_2-148x148.jpg,https://gayubo.com/wp-content/uploads/2023/08/10301_1-1200x1200.jpg,Anillo Grace,"570,00","Anillo de oro blanco de 18K con un diamante de 0,09ct talla brillante.","Anillo de oro blanco de 18K con un diamante de 0,09ct talla brillante. El proceso de elaboración de nuestras joyas empieza con el diseño, y se realiza de forma tradicional. Tras una meticulosa selección de los mejores materiales en los países de origen, nuestro taller empieza la parte más minuciosa y distintiva del proceso: las mejores piedras preciosas se engastan una a una en cada pieza, tratando con mimo cada detalle hasta llegar a la perfección.",https://gayubo.com/joyas/anillo-grace-4/
https://gayubo.com/wp-content/uploads/2023/08/10299_1-148x148.jpg,https://gayubo.com/wp-content/uploads/2023/08/10299_2-148x148.jpg,https://gayubo.com/wp-content/uploads/2023/08/10299_1-1200x1200.jpg,Anillo Grace,"580,00","Anillo de oro blanco de 18K con un diamante de 0,09ct talla brillante.","Anillo de oro blanco de 18K con un diamante de 0,09ct talla brillante. El proceso de elaboración de nuestras joyas empieza con el diseño, y se realiza de forma tradicional. Tras una meticulosa selección de los mejores materiales en los países de origen, nuestro taller empieza la parte más minuciosa y distintiva del proceso: las mejores piedras preciosas se engastan una a una en cada pieza, tratando con mimo cada detalle hasta llegar a la perfección.",https://gayubo.com/joyas/anillo-grace-2/
https://gayubo.com/wp-content/uploads/2023/08/10306_1-148x148.jpg,https://gayubo.com/wp-content/uploads/2023/08/10306_2-148x148.jpg,https://gayubo.com/wp-content/uploads/2023/08/10306_1-1200x1200.jpg,Anillo Grace,"540,00","Anillo de oro blanco de 18K con un diamante de 0,09ct talla brillante.","Anillo de oro blanco de 18K con un diamante de 0,09ct talla brillante. El proceso de elaboración de nuestras joyas empieza con el diseño, y se realiza de forma tradicional. Tras una meticulosa selección de los mejores materiales en los países de origen, nuestro taller empieza la parte más minuciosa y distintiva del proceso: las mejores piedras preciosas se engastan una a una en cada pieza, tratando con mimo cada detalle hasta llegar a la perfección.",https://gayubo.com/joyas/anillo-grace-8/
,,https://gayubo.com/wp-content/uploads/2023/08/10643-E-1200x1200.jpg,Anillo Colour,"1.470,00","Anillo de oro blanco de 18K con una esmeralda natural de 0,25ct talla brillante adornado con 0,22ct de diamantes talla brillante.","Anillo de oro blanco de 18K con una esmeralda natural de 0,25ct talla brillante adornado con 0,22ct de diamantes talla brillante. El proceso de elaboración de nuestras joyas empieza con el diseño, y se realiza de forma tradicional. Tras una meticulosa selección de los mejores materiales en los países de origen, nuestro taller empieza la parte más minuciosa y distintiva del proceso: las mejores piedras preciosas se engastan una a una en cada pieza, tratando con mimo cada detalle hasta llegar a la perfección.",https://gayubo.com/joyas/anillo-colour-6/
https://gayubo.com/wp-content/uploads/2023/08/10298_1-148x148.jpg,https://gayubo.com/wp-content/uploads/2023/08/10298_2-148x148.jpg,https://gayubo.com/wp-content/uploads/2023/08/10298_1-1200x1200.jpg,Anillo Grace,"580,00","Anillo de oro blanco de 18K con un diamante de 0,09ct talla brillante.","Anillo de oro blanco de 18K con un diamante de 0,09ct talla brillante. El proceso de elaboración de nuestras joyas empieza con el diseño, y se realiza de forma tradicional. Tras una meticulosa selección de los mejores materiales en los países de origen, nuestro taller empieza la parte más minuciosa y distintiva del proceso: las mejores piedras preciosas se engastan una a una en cada pieza, tratando con mimo cada detalle hasta llegar a la perfección.",https://gayubo.com/joyas/anillo-grace/
https://gayubo.com/wp-content/uploads/2023/08/10304_1-148x148.jpg,https://gayubo.com/wp-content/uploads/2023/08/10304_2-148x148.jpg,https://gayubo.com/wp-content/uploads/2023/08/10304_1-1200x1200.jpg,Anillo Grace,"540,00","Anillo de oro blanco de 18K con un diamante de 0,09ct talla brillante.","Anillo de oro blanco de 18K con un diamante de 0,09ct talla brillante. El proceso de elaboración de nuestras joyas empieza con el diseño, y se realiza de forma tradicional. Tras una meticulosa selección de los mejores materiales en los países de origen, nuestro taller empieza la parte más minuciosa y distintiva del proceso: las mejores piedras preciosas se engastan una a una en cada pieza, tratando con mimo cada detalle hasta llegar a la perfección.",https://gayubo.com/joyas/anillo-grace-6/
https://gayubo.com/wp-content/uploads/2023/08/10308_1-148x148.jpg,https://gayubo.com/wp-content/uploads/2023/08/10308_2-148x148.jpg,https://gayubo.com/wp-content/uploads/2023/08/10308_1-1200x1200.jpg,Anillo Grace,"600,00","Anillo de oro blanco de 18K con un diamante de 0,09ct talla brillante.","Anillo de oro blanco de 18K con un diamante de 0,09ct talla brillante. El proceso de elaboración de nuestras joyas empieza con el diseño, y se realiza de forma tradicional. Tras una meticulosa selección de los mejores materiales en los países de origen, nuestro taller empieza la parte más minuciosa y distintiva del proceso: las mejores piedras preciosas se engastan una a una en cada pieza, tratando con mimo cada detalle hasta llegar a la perfección.",https://gayubo.com/joyas/anillo-grace-10/
https://gayubo.com/wp-content/uploads/2023/08/10639-R_1-148x148.jpg,https://gayubo.com/wp-content/uploads/2023/08/10639-R_2-148x148.jpg,https://gayubo.com/wp-content/uploads/2023/08/10639-R_1-1200x1200.jpg,Anillo Tutti Frutti Capsule Collection,"1.080,00","Anillo de oro rosa de 18K con un rubí natural de 0,40ct talla oval adornado con 0,14ct de diamantes talla brillante.","Anillo de oro rosa de 18K con un rubí natural de 0,40ct talla oval adornado con 0,14ct de diamantes talla brillante. El proceso de elaboración de nuestras joyas empieza con el diseño, y se realiza de forma tradicional. Tras una meticulosa selección de los mejores materiales en los países de origen, nuestro taller empieza la parte más minuciosa y distintiva del proceso: las mejores piedras preciosas se engastan una a una en cada pieza, tratando con mimo cada detalle hasta llegar a la perfección.",https://gayubo.com/joyas/anillo-tutti-frutti-capsule-collection-5/
https://gayubo.com/wp-content/uploads/2023/08/10640-E_1-148x148.jpg,https://gayubo.com/wp-content/uploads/2023/08/10640-E_2-148x148.jpg,https://gayubo.com/wp-content/uploads/2023/08/10640-E_1-1200x1200.jpg,Anillo Tutti Frutti Capsule Collection,"1.065,00","Anillo de oro amarillo de 18K con una esmeralda natural de 0,37ct talla oval adornado con 0,14ct de diamantes talla brillante.","Anillo de oro amarillo de 18K con una esmeralda natural de 0,37ct talla oval adornado con 0,14ct de diamantes talla brillante. El proceso de elaboración de nuestras joyas empieza con el diseño, y se realiza de forma tradicional. Tras una meticulosa selección de los mejores materiales en los países de origen, nuestro taller empieza la parte más minuciosa y distintiva del proceso: las mejores piedras preciosas se engastan una a una en cada pieza, tratando con mimo cada detalle hasta llegar a la perfección.",https://gayubo.com/joyas/anillo-tutti-frutti-capsule-collection-6/
https://gayubo.com/wp-content/uploads/2023/08/10798_1-1-148x148.jpg,https://gayubo.com/wp-content/uploads/2023/08/10798_2-1-148x148.jpg,https://gayubo.com/wp-content/uploads/2023/08/10798_1-1-1200x1200.jpg,Anillo Tussie – Mussie,"1.385,00","Anillo de oro blanco de 18K con una esmeralda de 0,20ct, un rubí natural de 0,23ct y un zafiro de 0,25ct, todos naturales y de talla oval, adornados con 0,08ct de diamantes talla brillante.","Anillo de oro blanco de 18K con una esmeralda de 0,20ct, un rubí natural de 0,23ct y un zafiro de 0,25ct, todos naturales y de talla oval, adornados con 0,08ct de diamantes talla brillante. El proceso de elaboración de nuestras joyas empieza con el diseño, y se realiza de forma tradicional. Tras una meticulosa selección de los mejores materiales en los países de origen, nuestro taller empieza la parte más minuciosa y distintiva del proceso: las mejores piedras preciosas se engastan una a una en cada pieza, tratando con mimo cada detalle hasta llegar a la perfección.",https://gayubo.com/joyas/anillo-tussie-mussie/
https://gayubo.com/wp-content/uploads/2023/08/10799_1-1-148x148.jpg,https://gayubo.com/wp-content/uploads/2023/08/10799_2-1-148x148.jpg,https://gayubo.com/wp-content/uploads/2023/08/10799_1-1-1200x1200.jpg,Anillo Tussie – Mussie,"1.330,00","Anillo de oro blanco de 18K con una esmeralda de 0,20ct, un rubí natural de 0,32ct y un zafiro de 0,30ct, todos naturales y de talla pera, adornados con 0,06ct de diamantes talla brillante.","Anillo de oro blanco de 18K con una esmeralda de 0,20ct, un rubí natural de 0,32ct y un zafiro de 0,30ct, todos naturales y de talla pera, adornados con 0,06ct de diamantes talla brillante. El proceso de elaboración de nuestras joyas empieza con el diseño, y se realiza de forma tradicional. Tras una meticulosa selección de los mejores materiales en los países de origen, nuestro taller empieza la parte más minuciosa y distintiva del proceso: las mejores piedras preciosas se engastan una a una en cada pieza, tratando con mimo cada detalle hasta llegar a la perfección.",https://gayubo.com/joyas/anillo-tussie-mussie-2/
https://gayubo.com/wp-content/uploads/2023/08/9494_1-148x148.jpg,https://gayubo.com/wp-content/uploads/2023/08/9494_2-148x148.jpg,https://gayubo.com/wp-content/uploads/2023/08/9494_1-1200x1200.jpg,Anillo Special,"8.970,00","Anillo de oro blanco de 18K con un  diamante central talla brillante de 0,51ct adornado con 1,00ct de diamantes talla baguette engastados en carril y 0,85ct de diamantes talla brillante, .","Anillo de oro blanco de 18K con un  diamante central talla brillante de 0,51ct adornado con 1,00ct de diamantes talla baguette engastados en carril y 0,85ct de diamantes talla brillante, . El proceso de elaboración de nuestras joyas empieza con el diseño, y se realiza de forma tradicional. Tras una meticulosa selección de los mejores materiales en los países de origen, nuestro taller empieza la parte más minuciosa y distintiva del proceso: las mejores piedras preciosas se engastan una a una en cada pieza, tratando con mimo cada detalle hasta llegar a la perfección.",https://gayubo.com/joyas/anillo-special-5/
https://gayubo.com/wp-content/uploads/2023/08/6736_1-148x148.jpg,https://gayubo.com/wp-content/uploads/2023/08/6736_2-148x148.jpg,https://gayubo.com/wp-content/uploads/2023/08/6736_1-1200x1200.jpg,Anillo Special,"4.695,00","Anillo de oro blanco de 18K diseñada a partir de motivos florales con 1,20 ct de diamantes talla brillante.","Anillo de oro blanco de 18K diseñada a partir de motivos florales con 1,20 ct de diamantes talla brillante. El proceso de elaboración de nuestras joyas empieza con el diseño, y se realiza de forma tradicional. Tras una meticulosa selección de los mejores materiales en los países de origen, nuestro taller empieza la parte más minuciosa y distintiva del proceso: las mejores piedras preciosas se engastan una a una en cada pieza, tratando con mimo cada detalle hasta llegar a la perfección.",https://gayubo.com/joyas/anillo-special-4/
https://gayubo.com/wp-content/uploads/2023/08/10042_1-148x148.jpg,https://gayubo.com/wp-content/uploads/2023/08/10042_2-148x148.jpg,https://gayubo.com/wp-content/uploads/2023/08/10042_1-1200x1200.jpg,Anillo Special,"4.260,00","Anillo de oro blanco de 18K con un diamante central 0,36ct adornado con 0,41ct de diamantes talla brillante.","Anillo de oro blanco de 18K con un diamante central 0,36ct adornado con 0,41ct de diamantes talla brillante. El proceso de elaboración de nuestras joyas empieza con el diseño, y se realiza de forma tradicional. Tras una meticulosa selección de los mejores materiales en los países de origen, nuestro taller empieza la parte más minuciosa y distintiva del proceso: las mejores piedras preciosas se engastan una a una en cada pieza, tratando con mimo cada detalle hasta llegar a la perfección.",https://gayubo.com/joyas/anillo-special/
https://gayubo.com/wp-content/uploads/2023/08/10407-B_1-148x148.jpg,https://gayubo.com/wp-content/uploads/2023/08/10407-B_2-148x148.jpg,https://gayubo.com/wp-content/uploads/2023/08/10407-B_1-1200x1200.jpg,Anillo Special,"2.155,00","Anillo de oro blanco de 18K con 0,16ct de diamantes talla brillante.","Anillo de oro blanco de 18K con 0,16ct de diamantes talla brillante. El proceso de elaboración de nuestras joyas empieza con el diseño, y se realiza de forma tradicional. Tras una meticulosa selección de los mejores materiales en los países de origen, nuestro taller empieza la parte más minuciosa y distintiva del proceso: las mejores piedras preciosas se engastan una a una en cada pieza, tratando con mimo cada detalle hasta llegar a la perfección.",https://gayubo.com/joyas/anillo-special-3/
https://gayubo.com/wp-content/uploads/2023/08/10204-B_1-148x148.jpg,https://gayubo.com/wp-content/uploads/2023/08/10204-B_2-148x148.jpg,https://gayubo.com/wp-content/uploads/2023/08/10204-B_1-1200x1200.jpg,"Anillo Black, Pink, Gold & White",,Anillo tipo alianza de oro blanco de 18K con diamantes talla brillante (El precio y los quilates de este producto varían según la talla. Consúltanos para saber más).,"Anillo tipo alianza de oro blanco de 18K con diamantes talla brillante (El precio y los quilates de este producto varían según la talla. Consúltanos para saber más). El proceso de elaboración de nuestras joyas empieza con el diseño, y se realiza de forma tradicional. Tras una meticulosa selección de los mejores materiales en los países de origen, nuestro taller empieza la parte más minuciosa y distintiva del proceso: las mejores piedras preciosas se engastan una a una en cada pieza, tratando con mimo cada detalle hasta llegar a la perfección.",https://gayubo.com/joyas/anillo-black-pink-gold-white-8/
https://gayubo.com/wp-content/uploads/2023/08/10518_1-148x148.jpg,https://gayubo.com/wp-content/uploads/2023/08/10518_2-148x148.jpg,https://gayubo.com/wp-content/uploads/2023/08/10518_1-1200x1200.jpg,Anillo Pearl,"3.075,00","Anillo de oro blanco de 18K con 0,41ct de diamantes talla brillante y perla australiana.","Anillo de oro blanco de 18K con 0,41ct de diamantes talla brillante y perla australiana. El proceso de elaboración de nuestras joyas empieza con el diseño, y se realiza de forma tradicional. Tras una meticulosa selección de los mejores materiales en los países de origen, nuestro taller empieza la parte más minuciosa y distintiva del proceso: las mejores piedras preciosas se engastan una a una en cada pieza, tratando con mimo cada detalle hasta llegar a la perfección.",https://gayubo.com/joyas/anillo-pearl/
https://gayubo.com/wp-content/uploads/2023/08/10204-R_1-1-148x148.jpg,https://gayubo.com/wp-content/uploads/2023/08/10204-R_2-1-148x148.jpg,https://gayubo.com/wp-content/uploads/2023/08/10204-R_1-1-1200x1200.jpg,"Anillo Black, Pink, Gold & White",,Anillo tipo alianza de oro rosa de 18K con diamantes talla brillante (El precio y los quilates de este producto varían según la talla. Consúltanos para saber más).,"Anillo tipo alianza de oro rosa de 18K con diamantes talla brillante (El precio y los quilates de este producto varían según la talla. Consúltanos para saber más). El proceso de elaboración de nuestras joyas empieza con el diseño, y se realiza de forma tradicional. Tras una meticulosa selección de los mejores materiales en los países de origen, nuestro taller empieza la parte más minuciosa y distintiva del proceso: las mejores piedras preciosas se engastan una a una en cada pieza, tratando con mimo cada detalle hasta llegar a la perfección.",https://gayubo.com/joyas/anillo-black-pink-gold-white-9/
https://gayubo.com/wp-content/uploads/2023/08/10204-A_1-1-148x148.jpg,https://gayubo.com/wp-content/uploads/2023/08/10204-A_2-1-148x148.jpg,https://gayubo.com/wp-content/uploads/2023/08/10204-A_1-1-1200x1200.jpg,"Anillo Black, Pink, Gold & White",,Anillo tipo alianza de oro amarillo de 18K con diamantes talla brillante (El precio y los quilates de este producto varían según la talla. Consúltanos para saber más).,"Anillo tipo alianza de oro amarillo de 18K con diamantes talla brillante (El precio y los quilates de este producto varían según la talla. Consúltanos para saber más). El proceso de elaboración de nuestras joyas empieza con el diseño, y se realiza de forma tradicional. Tras una meticulosa selección de los mejores materiales en los países de origen, nuestro taller empieza la parte más minuciosa y distintiva del proceso: las mejores piedras preciosas se engastan una a una en cada pieza, tratando con mimo cada detalle hasta llegar a la perfección.",https://gayubo.com/joyas/anillo-black-pink-gold-white-7/
https://gayubo.com/wp-content/uploads/2023/08/10202-R_1-1-148x148.jpg,https://gayubo.com/wp-content/uploads/2023/08/10202-R_2-1-148x148.jpg,https://gayubo.com/wp-content/uploads/2023/08/10202-R_1-1-1200x1200.jpg,"Anillo Black, Pink, Gold & White","980,00","Anillo tipo media alianza de oro rosa de 18K con 0,18ct de diamantes talla brillante.","Anillo tipo media alianza de oro rosa de 18K con 0,18ct de diamantes talla brillante. El proceso de elaboración de nuestras joyas empieza con el diseño, y se realiza de forma tradicional. Tras una meticulosa selección de los mejores materiales en los países de origen, nuestro taller empieza la parte más minuciosa y distintiva del proceso: las mejores piedras preciosas se engastan una a una en cada pieza, tratando con mimo cada detalle hasta llegar a la perfección.",https://gayubo.com/joyas/anillo-black-pink-gold-white-6/
https://gayubo.com/wp-content/uploads/2023/08/10202-B_1-148x148.jpg,https://gayubo.com/wp-content/uploads/2023/08/10202-B_2-148x148.jpg,https://gayubo.com/wp-content/uploads/2023/08/10202-B_1-1200x1200.jpg,"Anillo Black, Pink, Gold & White","1.000,00","Anillo tipo media alianza de oro blanco de 18K con 0,18ct de diamantes talla brillante.","Anillo tipo media alianza de oro blanco de 18K con 0,18ct de diamantes talla brillante. El proceso de elaboración de nuestras joyas empieza con el diseño, y se realiza de forma tradicional. Tras una meticulosa selección de los mejores materiales en los países de origen, nuestro taller empieza la parte más minuciosa y distintiva del proceso: las mejores piedras preciosas se engastan una a una en cada pieza, tratando con mimo cada detalle hasta llegar a la perfección.",https://gayubo.com/joyas/anillo-black-pink-gold-white-5/
https://gayubo.com/wp-content/uploads/2023/08/10202-A_1-1-148x148.jpg,https://gayubo.com/wp-content/uploads/2023/08/10202-A_2-1-148x148.jpg,https://gayubo.com/wp-content/uploads/2023/08/10202-A_1-1-1200x1200.jpg,"Anillo Black, Pink, Gold & White","980,00","Anillo tipo media alianza de oro amarillo de 18K con 0,18ct de diamantes talla brillante.","Anillo tipo media alianza de oro amarillo de 18K con 0,18ct de diamantes talla brillante. El proceso de elaboración de nuestras joyas empieza con el diseño, y se realiza de forma tradicional. Tras una meticulosa selección de los mejores materiales en los países de origen, nuestro taller empieza la parte más minuciosa y distintiva del proceso: las mejores piedras preciosas se engastan una a una en cada pieza, tratando con mimo cada detalle hasta llegar a la perfección.",https://gayubo.com/joyas/anillo-black-pink-gold-white-4/
https://gayubo.com/wp-content/uploads/2023/08/10201-A_1-1-148x148.jpg,https://gayubo.com/wp-content/uploads/2023/08/10201-A_2-1-148x148.jpg,https://gayubo.com/wp-content/uploads/2023/08/10201-A_1-1-1200x1200.jpg,"Anillo Black, Pink, Gold & White",,Anillo tipo alianza de oro amarillo de 18K con diamantes talla brillante (El precio y los quilates de este producto varían según la talla. Consúltanos para saber más).,"Anillo tipo alianza de oro amarillo de 18K con diamantes talla brillante (El precio y los quilates de este producto varían según la talla. Consúltanos para saber más). El proceso de elaboración de nuestras joyas empieza con el diseño, y se realiza de forma tradicional. Tras una meticulosa selección de los mejores materiales en los países de origen, nuestro taller empieza la parte más minuciosa y distintiva del proceso: las mejores piedras preciosas se engastan una a una en cada pieza, tratando con mimo cada detalle hasta llegar a la perfección.",https://gayubo.com/joyas/anillo-black-pink-gold-white/
https://gayubo.com/wp-content/uploads/2023/08/10201-R_1-1-148x148.jpg,https://gayubo.com/wp-content/uploads/2023/08/10201-R_2-1-148x148.jpg,https://gayubo.com/wp-content/uploads/2023/08/10201-R_1-1-1200x1200.jpg,"Anillo Black, Pink, Gold & White",,Anillo tipo alianza de oro rosa de 18K con diamantes talla brillante (El precio y los quilates de este producto varían según la talla. Consúltanos para saber más).,"Anillo tipo alianza de oro rosa de 18K con diamantes talla brillante (El precio y los quilates de este producto varían según la talla. Consúltanos para saber más). El proceso de elaboración de nuestras joyas empieza con el diseño, y se realiza de forma tradicional. Tras una meticulosa selección de los mejores materiales en los países de origen, nuestro taller empieza la parte más minuciosa y distintiva del proceso: las mejores piedras preciosas se engastan una a una en cada pieza, tratando con mimo cada detalle hasta llegar a la perfección.",https://gayubo.com/joyas/anillo-black-pink-gold-white-3/
https://gayubo.com/wp-content/uploads/2023/08/10448-B_1-148x148.jpg,https://gayubo.com/wp-content/uploads/2023/08/10448-B_2-148x148.jpg,https://gayubo.com/wp-content/uploads/2023/08/10448-B_1-1200x1200.jpg,Anillo Classic,"1.800,00","Anillo de oro blanco de 18K con un diamante de 0,20ct talla brillante.","Anillo de oro blanco de 18K con un diamante de 0,20ct talla brillante. El proceso de elaboración de nuestras joyas empieza con el diseño, y se realiza de forma tradicional. Tras una meticulosa selección de los mejores materiales en los países de origen, nuestro taller empieza la parte más minuciosa y distintiva del proceso: las mejores piedras preciosas se engastan una a una en cada pieza, tratando con mimo cada detalle hasta llegar a la perfección.",https://gayubo.com/joyas/anillo-classic-2/
https://gayubo.com/wp-content/uploads/2023/08/7804_1-148x148.jpg,https://gayubo.com/wp-content/uploads/2023/08/7804_2-148x148.jpg,https://gayubo.com/wp-content/uploads/2023/08/7804_1-1200x1200.jpg,Anillo Classic,"2.880,00","Anillo de oro blanco de 18K adornado con 1,00ct de diamantes talla brillante.","Anillo de oro blanco de 18K adornado con 1,00ct de diamantes talla brillante. El proceso de elaboración de nuestras joyas empieza con el diseño, y se realiza de forma tradicional. Tras una meticulosa selección de los mejores materiales en los países de origen, nuestro taller empieza la parte más minuciosa y distintiva del proceso: las mejores piedras preciosas se engastan una a una en cada pieza, tratando con mimo cada detalle hasta llegar a la perfección.",https://gayubo.com/joyas/anillo-classic-4/
https://gayubo.com/wp-content/uploads/2023/08/10201-B_1-148x148.jpg,https://gayubo.com/wp-content/uploads/2023/08/10201-B_2-148x148.jpg,https://gayubo.com/wp-content/uploads/2023/08/10201-B_1-1200x1200.jpg,"Anillo Black, Pink, Gold & White",,Anillo tipo alianza de oro blanco de 18K con diamantes talla brillante (El precio y los quilates de este producto varían según la talla. Consúltanos para saber más).,"Anillo tipo alianza de oro blanco de 18K con diamantes talla brillante (El precio y los quilates de este producto varían según la talla. Consúltanos para saber más). El proceso de elaboración de nuestras joyas empieza con el diseño, y se realiza de forma tradicional. Tras una meticulosa selección de los mejores materiales en los países de origen, nuestro taller empieza la parte más minuciosa y distintiva del proceso: las mejores piedras preciosas se engastan una a una en cada pieza, tratando con mimo cada detalle hasta llegar a la perfección.",https://gayubo.com/joyas/anillo-black-pink-gold-white-2/
https://gayubo.com/wp-content/uploads/2023/08/10205-A_1-1-148x148.jpg,https://gayubo.com/wp-content/uploads/2023/08/10205-A_2-1-148x148.jpg,https://gayubo.com/wp-content/uploads/2023/08/10205-A_1-1-1200x1200.jpg,"Anillo Black, Pink, Gold & White","1.690,00","Anillo tipo media alianza de oro amarillo de 18K con 0,52ct de diamantes talla brillante.","Anillo tipo media alianza de oro amarillo de 18K con 0,52ct de diamantes talla brillante. El proceso de elaboración de nuestras joyas empieza con el diseño, y se realiza de forma tradicional. Tras una meticulosa selección de los mejores materiales en los países de origen, nuestro taller empieza la parte más minuciosa y distintiva del proceso: las mejores piedras preciosas se engastan una a una en cada pieza, tratando con mimo cada detalle hasta llegar a la perfección.",https://gayubo.com/joyas/anillo-black-pink-gold-white-10/
https://gayubo.com/wp-content/uploads/2023/08/10205-R_1-1-148x148.jpg,https://gayubo.com/wp-content/uploads/2023/08/10205-R_2-1-148x148.jpg,https://gayubo.com/wp-content/uploads/2023/08/10205-R_1-1-1200x1200.jpg,"Anillo Black, Pink, Gold & White","1.900,00","Anillo tipo media alianza de oro rosa de 18K con 0,52ct de diamantes talla brillante.","Anillo tipo media alianza de oro rosa de 18K con 0,52ct de diamantes talla brillante. El proceso de elaboración de nuestras joyas empieza con el diseño, y se realiza de forma tradicional. Tras una meticulosa selección de los mejores materiales en los países de origen, nuestro taller empieza la parte más minuciosa y distintiva del proceso: las mejores piedras preciosas se engastan una a una en cada pieza, tratando con mimo cada detalle hasta llegar a la perfección.",https://gayubo.com/joyas/anillo-black-pink-gold-white-12/
https://gayubo.com/wp-content/uploads/2023/08/10205-B_1-148x148.jpg,https://gayubo.com/wp-content/uploads/2023/08/10205-B_2-148x148.jpg,https://gayubo.com/wp-content/uploads/2023/08/10205-B_1-1200x1200.jpg,"Anillo Black, Pink, Gold & White","1.950,00","Anillo tipo media alianza de oro blanco de 18K con 0,52ct de diamantes talla brillante.","Anillo tipo media alianza de oro blanco de 18K con 0,52ct de diamantes talla brillante. El proceso de elaboración de nuestras joyas empieza con el diseño, y se realiza de forma tradicional. Tras una meticulosa selección de los mejores materiales en los países de origen, nuestro taller empieza la parte más minuciosa y distintiva del proceso: las mejores piedras preciosas se engastan una a una en cada pieza, tratando con mimo cada detalle hasta llegar a la perfección.",https://gayubo.com/joyas/anillo-black-pink-gold-white-11/
https://gayubo.com/wp-content/uploads/2023/08/10631-Z_1-2-148x148.jpg,https://gayubo.com/wp-content/uploads/2023/08/10631-Z_2-2-148x148.jpg,https://gayubo.com/wp-content/uploads/2023/08/10631-Z_1-2-1200x1200.jpg,Anillo Colour,"3.670,00","Anillo de oro blanco de 18K con un zafiro natural de 1,52ct talla oval adornado con 0,53ct de diamantes talla brillante.","Anillo de oro blanco de 18K con un zafiro natural de 1,52ct talla oval adornado con 0,53ct de diamantes talla brillante. El proceso de elaboración de nuestras joyas empieza con el diseño, y se realiza de forma tradicional. Tras una meticulosa selección de los mejores materiales en los países de origen, nuestro taller empieza la parte más minuciosa y distintiva del proceso: las mejores piedras preciosas se engastan una a una en cada pieza, tratando con mimo cada detalle hasta llegar a la perfección.",https://gayubo.com/joyas/anillo-colour-4/
https://gayubo.com/wp-content/uploads/2023/08/10631-R_1-2-148x148.jpg,https://gayubo.com/wp-content/uploads/2023/08/10631-R_2-2-148x148.jpg,https://gayubo.com/wp-content/uploads/2023/08/10631-R_1-2-1200x1200.jpg,Anillo Colour,,"Anillo de oro blanco de 18K con un rubí natural talla oval, adornado con 0,53ct de diamantes talla brillante.(Este producto tiene características especiales que determinan su precio. Consúltanos para obtener más detalles.)","Anillo de oro blanco de 18K con un rubí natural talla oval, adornado con 0,53ct de diamantes talla brillante.(Este producto tiene características especiales que determinan su precio. Consúltanos para obtener más detalles.) El proceso de elaboración de nuestras joyas empieza con el diseño, y se realiza de forma tradicional. Tras una meticulosa selección de los mejores materiales en los países de origen, nuestro taller empieza la parte más minuciosa y distintiva del proceso: las mejores piedras preciosas se engastan una a una en cada pieza, tratando con mimo cada detalle hasta llegar a la perfección.",https://gayubo.com/joyas/anillo-colour-3/
https://gayubo.com/wp-content/uploads/2023/08/10730-E_1-2-148x148.jpg,https://gayubo.com/wp-content/uploads/2023/08/10730-E_2-2-148x148.jpg,https://gayubo.com/wp-content/uploads/2023/08/10730-E_1-2-1200x1200.jpg,Anillo Colour,"2.910,00","Anillo de oro blanco de 18K con una esmeralda natural de 0,71ct talla oval adornado con 0,55ct de diamantes talla brillante.","Anillo de oro blanco de 18K con una esmeralda natural de 0,71ct talla oval adornado con 0,55ct de diamantes talla brillante. El proceso de elaboración de nuestras joyas empieza con el diseño, y se realiza de forma tradicional. Tras una meticulosa selección de los mejores materiales en los países de origen, nuestro taller empieza la parte más minuciosa y distintiva del proceso: las mejores piedras preciosas se engastan una a una en cada pieza, tratando con mimo cada detalle hasta llegar a la perfección.",https://gayubo.com/joyas/anillo-colour-11/
https://gayubo.com/wp-content/uploads/2023/08/10644-Z_1-148x148.jpg,https://gayubo.com/wp-content/uploads/2023/08/10644-Z_2-148x148.jpg,https://gayubo.com/wp-content/uploads/2023/08/10644-Z_1-1200x1200.jpg,Anillo Colour,"1.270,00","Anillo de oro blanco de 18K con un zafiro natural de 0,68ct talla oval adornado con 0,11ct de diamantes talla brillante.","Anillo de oro blanco de 18K con un zafiro natural de 0,68ct talla oval adornado con 0,11ct de diamantes talla brillante. El proceso de elaboración de nuestras joyas empieza con el diseño, y se realiza de forma tradicional. Tras una meticulosa selección de los mejores materiales en los países de origen, nuestro taller empieza la parte más minuciosa y distintiva del proceso: las mejores piedras preciosas se engastan una a una en cada pieza, tratando con mimo cada detalle hasta llegar a la perfección.",https://gayubo.com/joyas/anillo-colour-9/
https://gayubo.com/wp-content/uploads/2023/08/10633-Z_1-148x148.jpg,https://gayubo.com/wp-content/uploads/2023/08/10633-Z_2-148x148.jpg,https://gayubo.com/wp-content/uploads/2023/08/10633-Z_1-1200x1200.jpg,Anillo Colour,"3.865,00","Anillo de oro blanco de 18K con un zafiro natural de 1,72ct talla oval adornado con 0,32ct de diamantes talla brillante.","Anillo de oro blanco de 18K con un zafiro natural de 1,72ct talla oval adornado con 0,32ct de diamantes talla brillante. El proceso de elaboración de nuestras joyas empieza con el diseño, y se realiza de forma tradicional. Tras una meticulosa selección de los mejores materiales en los países de origen, nuestro taller empieza la parte más minuciosa y distintiva del proceso: las mejores piedras preciosas se engastan una a una en cada pieza, tratando con mimo cada detalle hasta llegar a la perfección.",https://gayubo.com/joyas/anillo-colour-5/
https://gayubo.com/wp-content/uploads/2023/08/10644-R_1-148x148.jpg,https://gayubo.com/wp-content/uploads/2023/08/10644-R_2-148x148.jpg,https://gayubo.com/wp-content/uploads/2023/08/10644-R_1-1200x1200.jpg,Anillo Colour,"1.305,00","Anillo de oro blanco de 18K con un rubí natural de 0,52ct talla oval adornado con 0,11ct de diamantes talla brillante.","Anillo de oro blanco de 18K con un rubí natural de 0,52ct talla oval adornado con 0,11ct de diamantes talla brillante. El proceso de elaboración de nuestras joyas empieza con el diseño, y se realiza de forma tradicional. Tras una meticulosa selección de los mejores materiales en los países de origen, nuestro taller empieza la parte más minuciosa y distintiva del proceso: las mejores piedras preciosas se engastan una a una en cada pieza, tratando con mimo cada detalle hasta llegar a la perfección.",https://gayubo.com/joyas/anillo-colour-8/
https://gayubo.com/wp-content/uploads/2023/08/9124-E_1-148x148.jpg,https://gayubo.com/wp-content/uploads/2023/08/9124-E_2-148x148.jpg,https://gayubo.com/wp-content/uploads/2023/08/9124-E_1-1200x1200.jpg,Anillo Colour,,"Anillo de oro blanco de 18K con una esmeralda natural talla esmeralda, adornado con 0,18ct de diamantes talla brillante.(Este producto tiene características especiales que determinan su precio. Consúltanos para obtener más detalles.)","Anillo de oro blanco de 18K con una esmeralda natural talla esmeralda, adornado con 0,18ct de diamantes talla brillante.(Este producto tiene características especiales que determinan su precio. Consúltanos para obtener más detalles.) El proceso de elaboración de nuestras joyas empieza con el diseño, y se realiza de forma tradicional. Tras una meticulosa selección de los mejores materiales en los países de origen, nuestro taller empieza la parte más minuciosa y distintiva del proceso: las mejores piedras preciosas se engastan una a una en cada pieza, tratando con mimo cada detalle hasta llegar a la perfección.",https://gayubo.com/joyas/anillo-colour-16/
https://gayubo.com/wp-content/uploads/2023/08/10468-E_1-148x148.jpg,https://gayubo.com/wp-content/uploads/2023/08/10468-E_2-148x148.jpg,https://gayubo.com/wp-content/uploads/2023/08/10468-E_1-1200x1200.jpg,Anillo Colour,,"Anillo de oro blanco de 18K con una esmeralda natural talla esmeralda,  adornado con 0,18ct de diamantes talla brillante.(Este producto tiene características especiales que determinan su precio. Consúltanos para obtener más detalles.)","Anillo de oro blanco de 18K con una esmeralda natural talla esmeralda,  adornado con 0,18ct de diamantes talla brillante.(Este producto tiene características especiales que determinan su precio. Consúltanos para obtener más detalles.) El proceso de elaboración de nuestras joyas empieza con el diseño, y se realiza de forma tradicional. Tras una meticulosa selección de los mejores materiales en los países de origen, nuestro taller empieza la parte más minuciosa y distintiva del proceso: las mejores piedras preciosas se engastan una a una en cada pieza, tratando con mimo cada detalle hasta llegar a la perfección.",https://gayubo.com/joyas/anillo-colour-2/
,,,,,,,https://gayubo.com/joyas/categoria-producto/anillo/?filter_collection=black-pink-gold-white
https://gayubo.com/wp-content/uploads/2023/08/10644-E_1-148x148.jpg,https://gayubo.com/wp-content/uploads/2023/08/10644-E_2-148x148.jpg,https://gayubo.com/wp-content/uploads/2023/08/10644-E_1-1200x1200.jpg,Anillo Colour,"1.295,00","Anillo de oro blanco de 18K con una esmeralda natural de 0,50ct talla oval adornado con 0,11ct de diamantes talla brillante.","Anillo de oro blanco de 18K con una esmeralda natural de 0,50ct talla oval adornado con 0,11ct de diamantes talla brillante. El proceso de elaboración de nuestras joyas empieza con el diseño, y se realiza de forma tradicional. Tras una meticulosa selección de los mejores materiales en los países de origen, nuestro taller empieza la parte más minuciosa y distintiva del proceso: las mejores piedras preciosas se engastan una a una en cada pieza, tratando con mimo cada detalle hasta llegar a la perfección.",https://gayubo.com/joyas/anillo-colour-7/
https://gayubo.com/wp-content/uploads/2023/08/10643-PE_1-148x148.jpg,https://gayubo.com/wp-content/uploads/2023/08/10643-PE_2-148x148.jpg,https://gayubo.com/wp-content/uploads/2023/08/10643-PE_1-1200x1200.jpg,Anillo Wedding Colour,"1.305,00","Anillo de oro blanco de 18K adornado con 0,22ct de diamantes talla brillante y un peridoto natural de 0,26ct.","Anillo de oro blanco de 18K adornado con 0,22ct de diamantes talla brillante y un peridoto natural de 0,26ct. El proceso de elaboración de nuestras joyas empieza con el diseño, y se realiza de forma tradicional. Tras una meticulosa selección de los mejores materiales en los países de origen, nuestro taller empieza la parte más minuciosa y distintiva del proceso: las mejores piedras preciosas se engastan una a una en cada pieza, tratando con mimo cada detalle hasta llegar a la perfección.",https://gayubo.com/joyas/anillo-wedding-colour-3/
https://gayubo.com/wp-content/uploads/2023/08/10643-TA_1-148x148.jpg,https://gayubo.com/wp-content/uploads/2023/08/10643-TA_2-148x148.jpg,https://gayubo.com/wp-content/uploads/2023/08/10643-TA_1-1200x1200.jpg,Anillo Wedding Colour,"1.305,00","Anillo de oro blanco de 18K adornado con 0,22ct de diamantes talla brillante y un topacio azul natural de 0,36ct.","Anillo de oro blanco de 18K adornado con 0,22ct de diamantes talla brillante y un topacio azul natural de 0,36ct. El proceso de elaboración de nuestras joyas empieza con el diseño, y se realiza de forma tradicional. Tras una meticulosa selección de los mejores materiales en los países de origen, nuestro taller empieza la parte más minuciosa y distintiva del proceso: las mejores piedras preciosas se engastan una a una en cada pieza, tratando con mimo cada detalle hasta llegar a la perfección.",https://gayubo.com/joyas/anillo-wedding-colour-5/
https://gayubo.com/wp-content/uploads/2023/08/10643-AM_1-148x148.jpg,https://gayubo.com/wp-content/uploads/2023/08/10643-AM_2-148x148.jpg,https://gayubo.com/wp-content/uploads/2023/08/10643-AM_1-1200x1200.jpg,Anillo Wedding Colour,"1.305,00","Anillo de oro blanco de 18K adornado con 0,22ct de diamantes talla brillante y una amatista natural de 0,24ct.","Anillo de oro blanco de 18K adornado con 0,22ct de diamantes talla brillante y una amatista natural de 0,24ct. El proceso de elaboración de nuestras joyas empieza con el diseño, y se realiza de forma tradicional. Tras una meticulosa selección de los mejores materiales en los países de origen, nuestro taller empieza la parte más minuciosa y distintiva del proceso: las mejores piedras preciosas se engastan una a una en cada pieza, tratando con mimo cada detalle hasta llegar a la perfección.",https://gayubo.com/joyas/anillo-wedding-colour/
https://gayubo.com/wp-content/uploads/2023/08/10643-TSA_1-148x148.jpg,https://gayubo.com/wp-content/uploads/2023/08/10643-TSA_2-148x148.jpg,https://gayubo.com/wp-content/uploads/2023/08/10643-TSA_1-1200x1200.jpg,Anillo Wedding Colour,"1.310,00","Anillo de oro blanco de 18K adornado con 0,22ct de diamantes talla brillante y una tsavorita natural de 0,36ct.","Anillo de oro blanco de 18K adornado con 0,22ct de diamantes talla brillante y una tsavorita natural de 0,36ct. El proceso de elaboración de nuestras joyas empieza con el diseño, y se realiza de forma tradicional. Tras una meticulosa selección de los mejores materiales en los países de origen, nuestro taller empieza la parte más minuciosa y distintiva del proceso: las mejores piedras preciosas se engastan una a una en cada pieza, tratando con mimo cada detalle hasta llegar a la perfección.",https://gayubo.com/joyas/anillo-wedding-colour-6/
https://gayubo.com/wp-content/uploads/2023/08/10643-RO_1-148x148.jpg,https://gayubo.com/wp-content/uploads/2023/08/10643-RO_2-148x148.jpg,https://gayubo.com/wp-content/uploads/2023/08/10643-RO_1-1200x1200.jpg,Anillo Wedding Colour,"1.305,00","Anillo de oro blanco de 18K adornado con 0,22ct de diamantes talla brillante y una rodolita natural de 0,35ct.","Anillo de oro blanco de 18K adornado con 0,22ct de diamantes talla brillante y una rodolita natural de 0,35ct. El proceso de elaboración de nuestras joyas empieza con el diseño, y se realiza de forma tradicional. Tras una meticulosa selección de los mejores materiales en los países de origen, nuestro taller empieza la parte más minuciosa y distintiva del proceso: las mejores piedras preciosas se engastan una a una en cada pieza, tratando con mimo cada detalle hasta llegar a la perfección.",https://gayubo.com/joyas/anillo-wedding-colour-4/
https://gayubo.com/wp-content/uploads/2023/08/10643-I_1-148x148.jpg,https://gayubo.com/wp-content/uploads/2023/08/10643-I_2-148x148.jpg,https://gayubo.com/wp-content/uploads/2023/08/10643-I_1-1200x1200.jpg,Anillo Wedding Colour,"1.305,00","Anillo de oro blanco de 18K adornado con 0,22ct de diamantes talla brillante y una iolita natural de 0,21ct.","Anillo de oro blanco de 18K adornado con 0,22ct de diamantes talla brillante y una iolita natural de 0,21ct. El proceso de elaboración de nuestras joyas empieza con el diseño, y se realiza de forma tradicional. Tras una meticulosa selección de los mejores materiales en los países de origen, nuestro taller empieza la parte más minuciosa y distintiva del proceso: las mejores piedras preciosas se engastan una a una en cada pieza, tratando con mimo cada detalle hasta llegar a la perfección.",https://gayubo.com/joyas/anillo-wedding-colour-2/
https://gayubo.com/wp-content/uploads/2023/08/10661_1-148x148.jpg,https://gayubo.com/wp-content/uploads/2023/08/10661_2-148x148.jpg,https://gayubo.com/wp-content/uploads/2023/08/10661_1-1200x1200.jpg,Anillo Wedding Colour,"1.340,00","Anillo de oro blanco de 18K con un diamante central de 0,05ct adornado con 0,21ct de diamantes talla brillante.","Anillo de oro blanco de 18K con un diamante central de 0,05ct adornado con 0,21ct de diamantes talla brillante. El proceso de elaboración de nuestras joyas empieza con el diseño, y se realiza de forma tradicional. Tras una meticulosa selección de los mejores materiales en los países de origen, nuestro taller empieza la parte más minuciosa y distintiva del proceso: las mejores piedras preciosas se engastan una a una en cada pieza, tratando con mimo cada detalle hasta llegar a la perfección.",https://gayubo.com/joyas/anillo-wedding-colour-7/
